,init_node,term_node,capacity,length,free_flow_time,b,power,speed,toll,link_type
0,1,303,999999.0,0.0,0.0,0.0,4.0,0.0,0.0,0
1,1,304,999999.0,0.0,0.0,0.0,4.0,0.0,0.0,0
2,1,306,999999.0,0.0,0.0,0.0,4.0,0.0,0.0,0
3,1,307,999999.0,0.0,0.0,0.0,4.0,0.0,0.0,0
4,2,253,999999.0,0.0,0.0,0.0,4.0,0.0,0.0,0
5,2,255,999999.0,0.0,0.0,0.0,4.0,0.0,0.0,0
6,2,256,999999.0,0.0,0.0,0.0,4.0,0.0,0.0,0
7,2,272,999999.0,0.0,0.0,0.0,4.0,0.0,0.0,0
8,3,258,999999.0,0.0,0.0,0.0,4.0,0.0,0.0,0
9,3,259,999999.0,0.0,0.0,0.0,4.0,0.0,0.0,0
10,3,260,999999.0,0.0,0.0,0.0,4.0,0.0,0.0,0
11,3,261,999999.0,0.0,0.0,0.0,4.0,0.0,0.0,0
12,4,226,999999.0,0.0,0.0,0.0,4.0,0.0,0.0,0
13,4,231,999999.0,0.0,0.0,0.0,4.0,0.0,0.0,0
14,4,232,999999.0,0.0,0.0,0.0,4.0,0.0,0.0,0
15,4,263,999999.0,0.0,0.0,0.0,4.0,0.0,0.0,0
16,5,254,999999.0,0.0,0.0,0.0,4.0,0.0,0.0,0
17,5,255,999999.0,0.0,0.0,0.0,4.0,0.0,0.0,0
18,5,352,999999.0,0.0,0.0,0.0,4.0,0.0,0.0,0
19,5,353,999999.0,0.0,0.0,0.0,4.0,0.0,0.0,0
20,6,196,999999.0,0.0,0.0,0.0,4.0,0.0,0.0,0
21,6,223,999999.0,0.0,0.0,0.0,4.0,0.0,0.0,0
22,6,264,999999.0,0.0,0.0,0.0,4.0,0.0,0.0,0
23,6,295,999999.0,0.0,0.0,0.0,4.0,0.0,0.0,0
24,7,50,999999.0,0.0,0.0,0.0,4.0,0.0,0.0,0
25,7,51,999999.0,0.0,0.0,0.0,4.0,0.0,0.0,0
26,7,55,999999.0,0.0,0.0,0.0,4.0,0.0,0.0,0
27,7,59,999999.0,0.0,0.0,0.0,4.0,0.0,0.0,0
28,8,359,999999.0,0.0,0.0,0.0,4.0,0.0,0.0,0
29,8,360,999999.0,0.0,0.0,0.0,4.0,0.0,0.0,0
30,8,361,999999.0,0.0,0.0,0.0,4.0,0.0,0.0,0
31,8,364,999999.0,0.0,0.0,0.0,4.0,0.0,0.0,0
32,9,158,999999.0,0.0,0.0,0.0,4.0,0.0,0.0,0
33,9,168,999999.0,0.0,0.0,0.0,4.0,0.0,0.0,0
34,9,176,999999.0,0.0,0.0,0.0,4.0,0.0,0.0,0
35,9,362,999999.0,0.0,0.0,0.0,4.0,0.0,0.0,0
36,10,140,999999.0,0.0,0.0,0.0,4.0,0.0,0.0,0
37,10,142,999999.0,0.0,0.0,0.0,4.0,0.0,0.0,0
38,10,144,999999.0,0.0,0.0,0.0,4.0,0.0,0.0,0
39,10,146,999999.0,0.0,0.0,0.0,4.0,0.0,0.0,0
40,11,63,999999.0,0.0,0.0,0.0,4.0,0.0,0.0,0
41,11,275,999999.0,0.0,0.0,0.0,4.0,0.0,0.0,0
42,11,279,999999.0,0.0,0.0,0.0,4.0,0.0,0.0,0
43,11,283,999999.0,0.0,0.0,0.0,4.0,0.0,0.0,0
44,12,112,999999.0,0.0,0.0,0.0,4.0,0.0,0.0,0
45,12,114,999999.0,0.0,0.0,0.0,4.0,0.0,0.0,0
46,12,120,999999.0,0.0,0.0,0.0,4.0,0.0,0.0,0
47,12,121,999999.0,0.0,0.0,0.0,4.0,0.0,0.0,0
48,13,166,999999.0,0.0,0.0,0.0,4.0,0.0,0.0,0
49,13,201,999999.0,0.0,0.0,0.0,4.0,0.0,0.0,0
50,13,203,999999.0,0.0,0.0,0.0,4.0,0.0,0.0,0
51,13,398,999999.0,0.0,0.0,0.0,4.0,0.0,0.0,0
52,14,128,999999.0,0.0,0.0,0.0,4.0,0.0,0.0,0
53,14,129,999999.0,0.0,0.0,0.0,4.0,0.0,0.0,0
54,14,130,999999.0,0.0,0.0,0.0,4.0,0.0,0.0,0
55,14,133,999999.0,0.0,0.0,0.0,4.0,0.0,0.0,0
56,15,165,999999.0,0.0,0.0,0.0,4.0,0.0,0.0,0
57,15,175,999999.0,0.0,0.0,0.0,4.0,0.0,0.0,0
58,15,177,999999.0,0.0,0.0,0.0,4.0,0.0,0.0,0
59,15,191,999999.0,0.0,0.0,0.0,4.0,0.0,0.0,0
60,16,75,999999.0,0.0,0.0,0.0,4.0,0.0,0.0,0
61,16,241,999999.0,0.0,0.0,0.0,4.0,0.0,0.0,0
62,16,246,999999.0,0.0,0.0,0.0,4.0,0.0,0.0,0
63,16,317,999999.0,0.0,0.0,0.0,4.0,0.0,0.0,0
64,17,70,999999.0,0.0,0.0,0.0,4.0,0.0,0.0,0
65,17,251,999999.0,0.0,0.0,0.0,4.0,0.0,0.0,0
66,17,270,999999.0,0.0,0.0,0.0,4.0,0.0,0.0,0
67,17,273,999999.0,0.0,0.0,0.0,4.0,0.0,0.0,0
68,18,70,999999.0,0.0,0.0,0.0,4.0,0.0,0.0,0
69,18,73,999999.0,0.0,0.0,0.0,4.0,0.0,0.0,0
70,18,75,999999.0,0.0,0.0,0.0,4.0,0.0,0.0,0
71,18,241,999999.0,0.0,0.0,0.0,4.0,0.0,0.0,0
72,19,287,999999.0,0.0,0.0,0.0,4.0,0.0,0.0,0
73,19,291,999999.0,0.0,0.0,0.0,4.0,0.0,0.0,0
74,19,292,999999.0,0.0,0.0,0.0,4.0,0.0,0.0,0
75,19,357,999999.0,0.0,0.0,0.0,4.0,0.0,0.0,0
76,20,217,999999.0,0.0,0.0,0.0,4.0,0.0,0.0,0
77,20,220,999999.0,0.0,0.0,0.0,4.0,0.0,0.0,0
78,20,221,999999.0,0.0,0.0,0.0,4.0,0.0,0.0,0
79,20,238,999999.0,0.0,0.0,0.0,4.0,0.0,0.0,0
80,21,312,999999.0,0.0,0.0,0.0,4.0,0.0,0.0,0
81,21,372,999999.0,0.0,0.0,0.0,4.0,0.0,0.0,0
82,21,373,999999.0,0.0,0.0,0.0,4.0,0.0,0.0,0
83,21,375,999999.0,0.0,0.0,0.0,4.0,0.0,0.0,0
84,22,228,999999.0,0.0,0.0,0.0,4.0,0.0,0.0,0
85,22,285,999999.0,0.0,0.0,0.0,4.0,0.0,0.0,0
86,22,286,999999.0,0.0,0.0,0.0,4.0,0.0,0.0,0
87,22,287,999999.0,0.0,0.0,0.0,4.0,0.0,0.0,0
88,23,222,999999.0,0.0,0.0,0.0,4.0,0.0,0.0,0
89,23,224,999999.0,0.0,0.0,0.0,4.0,0.0,0.0,0
90,23,226,999999.0,0.0,0.0,0.0,4.0,0.0,0.0,0
91,23,231,999999.0,0.0,0.0,0.0,4.0,0.0,0.0,0
92,24,317,999999.0,0.0,0.0,0.0,4.0,0.0,0.0,0
93,24,379,999999.0,0.0,0.0,0.0,4.0,0.0,0.0,0
94,24,383,999999.0,0.0,0.0,0.0,4.0,0.0,0.0,0
95,24,385,999999.0,0.0,0.0,0.0,4.0,0.0,0.0,0
96,25,315,999999.0,0.0,0.0,0.0,4.0,0.0,0.0,0
97,25,331,999999.0,0.0,0.0,0.0,4.0,0.0,0.0,0
98,25,332,999999.0,0.0,0.0,0.0,4.0,0.0,0.0,0
99,25,334,999999.0,0.0,0.0,0.0,4.0,0.0,0.0,0
100,26,327,999999.0,0.0,0.0,0.0,4.0,0.0,0.0,0
101,26,328,999999.0,0.0,0.0,0.0,4.0,0.0,0.0,0
102,26,332,999999.0,0.0,0.0,0.0,4.0,0.0,0.0,0
103,26,335,999999.0,0.0,0.0,0.0,4.0,0.0,0.0,0
104,27,68,999999.0,0.0,0.0,0.0,4.0,0.0,0.0,0
105,27,78,999999.0,0.0,0.0,0.0,4.0,0.0,0.0,0
106,27,276,999999.0,0.0,0.0,0.0,4.0,0.0,0.0,0
107,27,280,999999.0,0.0,0.0,0.0,4.0,0.0,0.0,0
108,28,210,999999.0,0.0,0.0,0.0,4.0,0.0,0.0,0
109,28,213,999999.0,0.0,0.0,0.0,4.0,0.0,0.0,0
110,28,214,999999.0,0.0,0.0,0.0,4.0,0.0,0.0,0
111,28,215,999999.0,0.0,0.0,0.0,4.0,0.0,0.0,0
112,29,46,999999.0,0.0,0.0,0.0,4.0,0.0,0.0,0
113,29,155,999999.0,0.0,0.0,0.0,4.0,0.0,0.0,0
114,29,156,999999.0,0.0,0.0,0.0,4.0,0.0,0.0,0
115,29,157,999999.0,0.0,0.0,0.0,4.0,0.0,0.0,0
116,30,134,999999.0,0.0,0.0,0.0,4.0,0.0,0.0,0
117,30,154,999999.0,0.0,0.0,0.0,4.0,0.0,0.0,0
118,30,156,999999.0,0.0,0.0,0.0,4.0,0.0,0.0,0
119,30,389,999999.0,0.0,0.0,0.0,4.0,0.0,0.0,0
120,31,266,999999.0,0.0,0.0,0.0,4.0,0.0,0.0,0
121,31,267,999999.0,0.0,0.0,0.0,4.0,0.0,0.0,0
122,31,268,999999.0,0.0,0.0,0.0,4.0,0.0,0.0,0
123,31,269,999999.0,0.0,0.0,0.0,4.0,0.0,0.0,0
124,32,79,999999.0,0.0,0.0,0.0,4.0,0.0,0.0,0
125,32,240,999999.0,0.0,0.0,0.0,4.0,0.0,0.0,0
126,32,244,999999.0,0.0,0.0,0.0,4.0,0.0,0.0,0
127,32,270,999999.0,0.0,0.0,0.0,4.0,0.0,0.0,0
128,33,40,999999.0,0.0,0.0,0.0,4.0,0.0,0.0,0
129,33,267,999999.0,0.0,0.0,0.0,4.0,0.0,0.0,0
130,33,268,999999.0,0.0,0.0,0.0,4.0,0.0,0.0,0
131,33,390,999999.0,0.0,0.0,0.0,4.0,0.0,0.0,0
132,34,89,999999.0,0.0,0.0,0.0,4.0,0.0,0.0,0
133,34,90,999999.0,0.0,0.0,0.0,4.0,0.0,0.0,0
134,34,98,999999.0,0.0,0.0,0.0,4.0,0.0,0.0,0
135,34,102,999999.0,0.0,0.0,0.0,4.0,0.0,0.0,0
136,35,147,999999.0,0.0,0.0,0.0,4.0,0.0,0.0,0
137,35,148,999999.0,0.0,0.0,0.0,4.0,0.0,0.0,0
138,35,149,999999.0,0.0,0.0,0.0,4.0,0.0,0.0,0
139,35,150,999999.0,0.0,0.0,0.0,4.0,0.0,0.0,0
140,36,240,999999.0,0.0,0.0,0.0,4.0,0.0,0.0,0
141,36,247,999999.0,0.0,0.0,0.0,4.0,0.0,0.0,0
142,36,268,999999.0,0.0,0.0,0.0,4.0,0.0,0.0,0
143,36,354,999999.0,0.0,0.0,0.0,4.0,0.0,0.0,0
144,37,38,2400.0,1.0,0.333333,1.0,4.0,0.0,0.0,1
145,37,375,2400.0,142.0,4.666667,1.0,4.0,0.0,0.0,1
146,38,37,2400.0,1.0,0.333333,1.0,4.0,0.0,0.0,1
147,40,33,999999.0,0.0,0.0,0.0,4.0,0.0,0.0,0
148,40,390,2400.0,24.0,0.666667,1.0,4.0,0.0,0.0,1
149,41,101,600.0,315.0,8.0,1.0,4.0,0.0,0.0,1
150,41,113,600.0,240.0,6.0,1.0,4.0,0.0,0.0,1
151,42,41,600.0,196.0,5.0,1.0,4.0,0.0,0.0,1
152,44,46,2800.0,44.0,1.333333,1.0,4.0,0.0,0.0,1
153,44,47,2800.0,320.0,18.333333,1.0,4.0,0.0,0.0,1
154,45,46,2800.0,321.0,19.333333,1.0,4.0,0.0,0.0,1
155,45,47,2800.0,39.0,1.333333,1.0,4.0,0.0,0.0,1
156,46,29,999999.0,0.0,0.0,0.0,4.0,0.0,0.0,0
157,46,49,2800.0,35.0,1.333333,1.0,4.0,0.0,0.0,1
158,46,212,2800.0,82.0,2.0,1.0,4.0,0.0,0.0,1
159,47,66,2800.0,23.0,0.666667,1.0,4.0,0.0,0.0,1
160,48,44,2800.0,37.0,1.666667,1.0,4.0,0.0,0.0,1
161,49,48,2800.0,43.0,5.333333,1.0,4.0,0.0,0.0,1
162,49,157,2400.0,251.0,6.333333,1.0,4.0,0.0,0.0,1
163,50,7,999999.0,0.0,0.0,0.0,4.0,0.0,0.0,0
164,50,51,2800.0,126.0,9.0,1.0,4.0,0.0,0.0,1
165,51,7,999999.0,0.0,0.0,0.0,4.0,0.0,0.0,0
166,51,54,2400.0,30.0,1.0,1.0,4.0,0.0,0.0,1
167,51,58,2800.0,51.0,1.666667,1.0,4.0,0.0,0.0,1
168,51,196,2400.0,194.0,9.333333,1.0,4.0,0.0,0.0,1
169,52,54,2800.0,92.0,7.666667,1.0,4.0,0.0,0.0,1
170,52,163,900.0,125.0,4.666667,1.0,4.0,0.0,0.0,1
171,53,50,2800.0,114.0,3.333333,1.0,4.0,0.0,0.0,1
172,54,51,2800.0,30.0,1.666667,1.0,4.0,0.0,0.0,1
173,54,55,2800.0,103.0,3.666667,1.0,4.0,0.0,0.0,1
174,54,163,900.0,105.0,3.0,1.0,4.0,0.0,0.0,1
175,55,7,999999.0,0.0,0.0,0.0,4.0,0.0,0.0,0
176,55,59,2800.0,139.0,3.333333,1.0,4.0,0.0,0.0,1
177,56,53,2800.0,46.0,1.0,1.0,4.0,0.0,0.0,1
178,57,64,2800.0,272.0,9.666667,1.0,4.0,0.0,0.0,1
179,58,57,2800.0,64.0,1.666667,1.0,4.0,0.0,0.0,1
180,59,7,999999.0,0.0,0.0,0.0,4.0,0.0,0.0,0
181,59,60,2800.0,48.0,1.0,1.0,4.0,0.0,0.0,1
182,60,61,2800.0,56.0,1.333333,1.0,4.0,0.0,0.0,1
183,60,394,2800.0,161.0,3.666667,1.0,4.0,0.0,0.0,1
184,61,172,600.0,140.0,4.0,1.0,4.0,0.0,0.0,1
185,61,393,2800.0,106.0,2.666667,1.0,4.0,0.0,0.0,1
186,62,56,2800.0,132.0,2.666667,1.0,4.0,0.0,0.0,1
187,63,11,999999.0,0.0,0.0,0.0,4.0,0.0,0.0,0
188,63,52,2800.0,301.0,12.0,1.0,4.0,0.0,0.0,1
189,63,64,2800.0,23.0,0.666667,1.0,4.0,0.0,0.0,1
190,63,348,900.0,90.0,2.666667,1.0,4.0,0.0,0.0,1
191,64,65,2800.0,16.0,0.666667,1.0,4.0,0.0,0.0,1
192,64,279,900.0,339.0,8.666667,1.0,4.0,0.0,0.0,1
193,65,63,2800.0,19.0,1.333333,1.0,4.0,0.0,0.0,1
194,65,351,2800.0,115.0,3.333333,1.0,4.0,0.0,0.0,1
195,66,67,2800.0,36.0,1.666667,1.0,4.0,0.0,0.0,1
196,66,193,2400.0,280.0,8.666667,1.0,4.0,0.0,0.0,1
197,67,45,2800.0,22.0,0.666667,1.0,4.0,0.0,0.0,1
198,67,369,2800.0,43.0,1.0,1.0,4.0,0.0,0.0,1
199,68,27,999999.0,0.0,0.0,0.0,4.0,0.0,0.0,0
200,68,100,600.0,262.0,10.666667,1.0,4.0,0.0,0.0,1
201,69,314,2800.0,133.0,8.0,1.0,4.0,0.0,0.0,1
202,70,17,999999.0,0.0,0.0,0.0,4.0,0.0,0.0,0
203,70,18,999999.0,0.0,0.0,0.0,4.0,0.0,0.0,0
204,70,73,900.0,103.0,4.0,1.0,4.0,0.0,0.0,1
205,70,245,900.0,77.0,2.0,1.0,4.0,0.0,0.0,1
206,71,243,900.0,189.0,5.0,1.0,4.0,0.0,0.0,1
207,72,39,900.0,304.0,7.333333,1.0,4.0,0.0,0.0,1
208,73,18,999999.0,0.0,0.0,0.0,4.0,0.0,0.0,0
209,73,75,900.0,348.0,14.666667,1.0,4.0,0.0,0.0,1
210,74,96,2400.0,568.0,30.333333,1.0,4.0,0.0,0.0,1
211,75,16,999999.0,0.0,0.0,0.0,4.0,0.0,0.0,0
212,75,18,999999.0,0.0,0.0,0.0,4.0,0.0,0.0,0
213,75,70,900.0,451.0,11.333333,1.0,4.0,0.0,0.0,1
214,75,317,900.0,445.0,11.0,1.0,4.0,0.0,0.0,1
215,76,79,900.0,178.0,15.333333,1.0,4.0,0.0,0.0,1
216,77,69,2800.0,137.0,7.0,1.0,4.0,0.0,0.0,1
217,78,27,999999.0,0.0,0.0,0.0,4.0,0.0,0.0,0
218,78,68,600.0,253.0,7.0,1.0,4.0,0.0,0.0,1
219,78,104,600.0,236.0,6.0,1.0,4.0,0.0,0.0,1
220,78,280,600.0,85.0,2.666667,1.0,4.0,0.0,0.0,1
221,79,32,999999.0,0.0,0.0,0.0,4.0,0.0,0.0,0
222,79,81,2400.0,90.0,6.666667,1.0,4.0,0.0,0.0,1
223,79,251,900.0,463.0,14.0,1.0,4.0,0.0,0.0,1
224,79,273,2400.0,285.0,12.0,1.0,4.0,0.0,0.0,1
225,79,352,2400.0,310.0,10.0,1.0,4.0,0.0,0.0,1
226,80,76,900.0,457.0,14.666667,1.0,4.0,0.0,0.0,1
227,80,82,900.0,34.0,1.333333,1.0,4.0,0.0,0.0,1
228,80,243,900.0,66.0,3.0,1.0,4.0,0.0,0.0,1
229,81,74,2400.0,277.0,18.333333,1.0,4.0,0.0,0.0,1
230,81,79,2400.0,90.0,11.333333,1.0,4.0,0.0,0.0,1
231,81,255,900.0,188.0,6.666667,1.0,4.0,0.0,0.0,1
232,82,80,900.0,34.0,1.0,1.0,4.0,0.0,0.0,1
233,82,229,900.0,43.0,1.333333,1.0,4.0,0.0,0.0,1
234,83,97,2400.0,65.0,1.333333,1.0,4.0,0.0,0.0,1
235,83,100,2400.0,96.0,12.333333,1.0,4.0,0.0,0.0,1
236,83,344,600.0,198.0,15.333333,1.0,4.0,0.0,0.0,1
237,84,85,2400.0,132.0,9.666667,1.0,4.0,0.0,0.0,1
238,85,87,2400.0,197.0,15.333333,1.0,4.0,0.0,0.0,1
239,85,91,2400.0,31.0,1.333333,1.0,4.0,0.0,0.0,1
240,85,252,2400.0,301.0,6.333333,1.0,4.0,0.0,0.0,1
241,86,87,600.0,31.0,1.333333,1.0,4.0,0.0,0.0,1
242,86,91,2400.0,198.0,10.666667,1.0,4.0,0.0,0.0,1
243,86,344,600.0,137.0,15.333333,1.0,4.0,0.0,0.0,1
244,87,86,600.0,31.0,1.333333,1.0,4.0,0.0,0.0,1
245,87,108,600.0,174.0,6.666667,1.0,4.0,0.0,0.0,1
246,87,384,2400.0,216.0,6.666667,1.0,4.0,0.0,0.0,1
247,88,85,2400.0,100.0,4.333333,1.0,4.0,0.0,0.0,1
248,89,34,999999.0,0.0,0.0,0.0,4.0,0.0,0.0,0
249,89,104,2400.0,86.0,2.666667,1.0,4.0,0.0,0.0,1
250,90,34,999999.0,0.0,0.0,0.0,4.0,0.0,0.0,0
251,90,94,2400.0,165.0,10.333333,1.0,4.0,0.0,0.0,1
252,91,83,2400.0,137.0,8.666667,1.0,4.0,0.0,0.0,1
253,91,85,2400.0,31.0,0.666667,1.0,4.0,0.0,0.0,1
254,91,92,2400.0,128.0,4.666667,1.0,4.0,0.0,0.0,1
255,92,95,2400.0,132.0,8.333333,1.0,4.0,0.0,0.0,1
256,93,86,2400.0,131.0,13.333333,1.0,4.0,0.0,0.0,1
257,94,84,2400.0,128.0,4.0,1.0,4.0,0.0,0.0,1
258,94,95,900.0,38.0,1.666667,1.0,4.0,0.0,0.0,1
259,94,98,900.0,192.0,9.666667,1.0,4.0,0.0,0.0,1
260,95,89,2400.0,165.0,5.0,1.0,4.0,0.0,0.0,1
261,95,94,900.0,38.0,2.0,1.0,4.0,0.0,0.0,1
262,96,88,2400.0,75.0,4.0,1.0,4.0,0.0,0.0,1
263,97,91,2400.0,72.0,1.666667,1.0,4.0,0.0,0.0,1
264,98,34,999999.0,0.0,0.0,0.0,4.0,0.0,0.0,0
265,98,250,900.0,342.0,17.333333,1.0,4.0,0.0,0.0,1
266,99,100,2400.0,102.0,2.0,1.0,4.0,0.0,0.0,1
267,100,83,2400.0,96.0,2.0,1.0,4.0,0.0,0.0,1
268,100,106,600.0,130.0,4.333333,1.0,4.0,0.0,0.0,1
269,100,320,2400.0,392.0,19.0,1.0,4.0,0.0,0.0,1
270,100,343,600.0,201.0,9.0,1.0,4.0,0.0,0.0,1
271,101,103,600.0,213.0,15.0,1.0,4.0,0.0,0.0,1
272,101,392,600.0,122.0,3.0,1.0,4.0,0.0,0.0,1
273,102,34,999999.0,0.0,0.0,0.0,4.0,0.0,0.0,0
274,102,94,900.0,297.0,19.0,1.0,4.0,0.0,0.0,1
275,103,101,600.0,213.0,5.333333,1.0,4.0,0.0,0.0,1
276,103,117,900.0,38.0,1.666667,1.0,4.0,0.0,0.0,1
277,103,137,900.0,78.0,2.333333,1.0,4.0,0.0,0.0,1
278,104,281,2400.0,196.0,9.0,1.0,4.0,0.0,0.0,1
279,105,78,600.0,202.0,5.0,1.0,4.0,0.0,0.0,1
280,106,78,600.0,385.0,11.0,1.0,4.0,0.0,0.0,1
281,107,87,600.0,100.0,2.333333,1.0,4.0,0.0,0.0,1
282,108,107,600.0,74.0,2.0,1.0,4.0,0.0,0.0,1
283,108,385,600.0,124.0,3.666667,1.0,4.0,0.0,0.0,1
284,109,90,2400.0,83.0,2.0,1.0,4.0,0.0,0.0,1
285,110,118,900.0,106.0,3.666667,1.0,4.0,0.0,0.0,1
286,111,110,900.0,150.0,5.333333,1.0,4.0,0.0,0.0,1
287,111,119,900.0,51.0,1.333333,1.0,4.0,0.0,0.0,1
288,111,133,900.0,274.0,16.0,1.0,4.0,0.0,0.0,1
289,111,396,900.0,291.0,8.666667,1.0,4.0,0.0,0.0,1
290,112,12,999999.0,0.0,0.0,0.0,4.0,0.0,0.0,0
291,112,113,900.0,178.0,4.333333,1.0,4.0,0.0,0.0,1
292,113,42,600.0,44.0,1.0,1.0,4.0,0.0,0.0,1
293,113,114,900.0,202.0,8.333333,1.0,4.0,0.0,0.0,1
294,113,125,900.0,128.0,4.0,1.0,4.0,0.0,0.0,1
295,114,12,999999.0,0.0,0.0,0.0,4.0,0.0,0.0,0
296,114,120,900.0,53.0,2.333333,1.0,4.0,0.0,0.0,1
297,114,121,900.0,51.0,1.333333,1.0,4.0,0.0,0.0,1
298,115,41,600.0,40.0,1.333333,1.0,4.0,0.0,0.0,1
299,115,113,600.0,191.0,6.666667,1.0,4.0,0.0,0.0,1
300,115,116,600.0,172.0,6.666667,1.0,4.0,0.0,0.0,1
301,116,118,600.0,235.0,13.666667,1.0,4.0,0.0,0.0,1
302,117,103,900.0,38.0,2.333333,1.0,4.0,0.0,0.0,1
303,117,115,600.0,477.0,17.0,1.0,4.0,0.0,0.0,1
304,117,118,900.0,256.0,6.666667,1.0,4.0,0.0,0.0,1
305,118,111,900.0,256.0,11.666667,1.0,4.0,0.0,0.0,1
306,118,115,600.0,407.0,19.0,1.0,4.0,0.0,0.0,1
307,118,117,900.0,256.0,11.333333,1.0,4.0,0.0,0.0,1
308,119,120,900.0,156.0,6.666667,1.0,4.0,0.0,0.0,1
309,120,12,999999.0,0.0,0.0,0.0,4.0,0.0,0.0,0
310,120,111,900.0,207.0,15.666667,1.0,4.0,0.0,0.0,1
311,120,126,900.0,61.0,1.666667,1.0,4.0,0.0,0.0,1
312,121,12,999999.0,0.0,0.0,0.0,4.0,0.0,0.0,0
313,121,126,900.0,22.0,0.666667,1.0,4.0,0.0,0.0,1
314,122,123,900.0,147.0,4.333333,1.0,4.0,0.0,0.0,1
315,122,129,2400.0,371.0,27.333333,1.0,4.0,0.0,0.0,1
316,122,213,900.0,195.0,7.0,1.0,4.0,0.0,0.0,1
317,122,350,2400.0,374.0,10.666667,1.0,4.0,0.0,0.0,1
318,123,132,900.0,43.0,1.333333,1.0,4.0,0.0,0.0,1
319,124,125,900.0,87.0,5.333333,1.0,4.0,0.0,0.0,1
320,125,113,900.0,128.0,6.333333,1.0,4.0,0.0,0.0,1
321,125,122,900.0,299.0,21.333333,1.0,4.0,0.0,0.0,1
322,126,127,900.0,24.0,2.0,1.0,4.0,0.0,0.0,1
323,127,124,900.0,93.0,3.333333,1.0,4.0,0.0,0.0,1
324,128,14,999999.0,0.0,0.0,0.0,4.0,0.0,0.0,0
325,128,129,2400.0,165.0,11.0,1.0,4.0,0.0,0.0,1
326,129,14,999999.0,0.0,0.0,0.0,4.0,0.0,0.0,0
327,129,111,900.0,348.0,14.0,1.0,4.0,0.0,0.0,1
328,129,122,2400.0,371.0,12.666667,1.0,4.0,0.0,0.0,1
329,129,130,600.0,100.0,3.0,1.0,4.0,0.0,0.0,1
330,129,152,2400.0,417.0,15.666667,1.0,4.0,0.0,0.0,1
331,130,14,999999.0,0.0,0.0,0.0,4.0,0.0,0.0,0
332,130,129,600.0,100.0,2.333333,1.0,4.0,0.0,0.0,1
333,130,206,600.0,136.0,4.666667,1.0,4.0,0.0,0.0,1
334,131,45,2800.0,54.0,8.0,1.0,4.0,0.0,0.0,1
335,131,368,2400.0,22.0,1.0,1.0,4.0,0.0,0.0,1
336,132,125,900.0,109.0,3.333333,1.0,4.0,0.0,0.0,1
337,133,14,999999.0,0.0,0.0,0.0,4.0,0.0,0.0,0
338,133,129,900.0,74.0,5.666667,1.0,4.0,0.0,0.0,1
339,134,30,999999.0,0.0,0.0,0.0,4.0,0.0,0.0,0
340,134,386,2800.0,10.0,0.333333,1.0,4.0,0.0,0.0,1
341,135,117,900.0,75.0,9.0,1.0,4.0,0.0,0.0,1
342,135,136,900.0,102.0,2.666667,1.0,4.0,0.0,0.0,1
343,135,137,900.0,31.0,0.666667,1.0,4.0,0.0,0.0,1
344,136,135,900.0,102.0,3.0,1.0,4.0,0.0,0.0,1
345,136,137,900.0,87.0,2.333333,1.0,4.0,0.0,0.0,1
346,137,135,900.0,31.0,0.666667,1.0,4.0,0.0,0.0,1
347,137,136,900.0,87.0,2.333333,1.0,4.0,0.0,0.0,1
348,138,139,600.0,105.0,4.0,1.0,4.0,0.0,0.0,1
349,139,140,2800.0,421.0,16.333333,1.0,4.0,0.0,0.0,1
350,140,10,999999.0,0.0,0.0,0.0,4.0,0.0,0.0,0
351,140,144,600.0,103.0,5.333333,1.0,4.0,0.0,0.0,1
352,140,271,2800.0,247.0,8.0,1.0,4.0,0.0,0.0,1
353,140,274,600.0,18.0,1.333333,1.0,4.0,0.0,0.0,1
354,141,234,900.0,73.0,8.333333,1.0,4.0,0.0,0.0,1
355,141,293,900.0,104.0,5.333333,1.0,4.0,0.0,0.0,1
356,142,10,999999.0,0.0,0.0,0.0,4.0,0.0,0.0,0
357,143,318,2400.0,29.0,1.0,1.0,4.0,0.0,0.0,1
358,143,334,900.0,324.0,8.0,1.0,4.0,0.0,0.0,1
359,144,10,999999.0,0.0,0.0,0.0,4.0,0.0,0.0,0
360,144,142,600.0,309.0,12.0,1.0,4.0,0.0,0.0,1
361,145,234,600.0,153.0,3.666667,1.0,4.0,0.0,0.0,1
362,146,10,999999.0,0.0,0.0,0.0,4.0,0.0,0.0,0
363,146,140,600.0,289.0,16.666667,1.0,4.0,0.0,0.0,1
364,147,35,999999.0,0.0,0.0,0.0,4.0,0.0,0.0,0
365,147,149,2400.0,25.0,0.666667,1.0,4.0,0.0,0.0,1
366,148,35,999999.0,0.0,0.0,0.0,4.0,0.0,0.0,0
367,148,149,2400.0,74.0,2.0,1.0,4.0,0.0,0.0,1
368,149,35,999999.0,0.0,0.0,0.0,4.0,0.0,0.0,0
369,149,147,2400.0,25.0,0.666667,1.0,4.0,0.0,0.0,1
370,149,153,2400.0,363.0,19.333333,1.0,4.0,0.0,0.0,1
371,150,35,999999.0,0.0,0.0,0.0,4.0,0.0,0.0,0
372,150,147,2400.0,356.0,21.333333,1.0,4.0,0.0,0.0,1
373,150,153,2400.0,16.0,0.666667,1.0,4.0,0.0,0.0,1
374,151,150,2400.0,19.0,0.333333,1.0,4.0,0.0,0.0,1
375,151,207,2400.0,218.0,9.333333,1.0,4.0,0.0,0.0,1
376,152,150,2400.0,95.0,12.0,1.0,4.0,0.0,0.0,1
377,153,178,2400.0,19.0,1.0,1.0,4.0,0.0,0.0,1
378,153,192,2400.0,99.0,2.666667,1.0,4.0,0.0,0.0,1
379,154,30,999999.0,0.0,0.0,0.0,4.0,0.0,0.0,0
380,154,155,2400.0,160.0,4.0,1.0,4.0,0.0,0.0,1
381,155,29,999999.0,0.0,0.0,0.0,4.0,0.0,0.0,0
382,155,48,2400.0,250.0,19.666667,1.0,4.0,0.0,0.0,1
383,156,29,999999.0,0.0,0.0,0.0,4.0,0.0,0.0,0
384,156,30,999999.0,0.0,0.0,0.0,4.0,0.0,0.0,0
385,156,387,2400.0,124.0,2.666667,1.0,4.0,0.0,0.0,1
386,157,29,999999.0,0.0,0.0,0.0,4.0,0.0,0.0,0
387,157,156,2400.0,69.0,1.666667,1.0,4.0,0.0,0.0,1
388,158,9,999999.0,0.0,0.0,0.0,4.0,0.0,0.0,0
389,158,159,2800.0,154.0,4.0,1.0,4.0,0.0,0.0,1
390,158,176,2800.0,33.0,1.666667,1.0,4.0,0.0,0.0,1
391,159,160,2800.0,126.0,7.0,1.0,4.0,0.0,0.0,1
392,160,49,2800.0,88.0,10.666667,1.0,4.0,0.0,0.0,1
393,162,181,2800.0,41.0,3.666667,1.0,4.0,0.0,0.0,1
394,162,187,2400.0,55.0,1.666667,1.0,4.0,0.0,0.0,1
395,163,54,2800.0,105.0,13.0,1.0,4.0,0.0,0.0,1
396,163,171,900.0,7.0,0.333333,1.0,4.0,0.0,0.0,1
397,164,167,600.0,156.0,4.0,1.0,4.0,0.0,0.0,1
398,165,15,999999.0,0.0,0.0,0.0,4.0,0.0,0.0,0
399,165,175,2400.0,138.0,3.666667,1.0,4.0,0.0,0.0,1
400,166,13,999999.0,0.0,0.0,0.0,4.0,0.0,0.0,0
401,166,167,600.0,101.0,2.666667,1.0,4.0,0.0,0.0,1
402,167,163,900.0,138.0,3.666667,1.0,4.0,0.0,0.0,1
403,167,170,900.0,185.0,4.333333,1.0,4.0,0.0,0.0,1
404,168,9,999999.0,0.0,0.0,0.0,4.0,0.0,0.0,0
405,168,169,2800.0,161.0,6.333333,1.0,4.0,0.0,0.0,1
406,168,185,2800.0,34.0,1.0,1.0,4.0,0.0,0.0,1
407,169,181,2400.0,32.0,0.666667,1.0,4.0,0.0,0.0,1
408,169,225,2800.0,37.0,1.333333,1.0,4.0,0.0,0.0,1
409,170,167,900.0,185.0,5.0,1.0,4.0,0.0,0.0,1
410,170,174,600.0,141.0,6.666667,1.0,4.0,0.0,0.0,1
411,170,195,900.0,94.0,2.333333,1.0,4.0,0.0,0.0,1
412,171,167,900.0,131.0,4.0,1.0,4.0,0.0,0.0,1
413,172,173,600.0,54.0,4.0,1.0,4.0,0.0,0.0,1
414,173,61,600.0,194.0,5.0,1.0,4.0,0.0,0.0,1
415,173,170,600.0,219.0,5.333333,1.0,4.0,0.0,0.0,1
416,174,173,600.0,78.0,4.0,1.0,4.0,0.0,0.0,1
417,175,15,999999.0,0.0,0.0,0.0,4.0,0.0,0.0,0
418,175,177,2400.0,53.0,1.333333,1.0,4.0,0.0,0.0,1
419,176,9,999999.0,0.0,0.0,0.0,4.0,0.0,0.0,0
420,176,168,2800.0,40.0,1.0,1.0,4.0,0.0,0.0,1
421,176,367,2800.0,69.0,1.666667,1.0,4.0,0.0,0.0,1
422,177,15,999999.0,0.0,0.0,0.0,4.0,0.0,0.0,0
423,177,179,2400.0,108.0,5.333333,1.0,4.0,0.0,0.0,1
424,178,151,2400.0,15.0,1.333333,1.0,4.0,0.0,0.0,1
425,178,170,900.0,198.0,5.0,1.0,4.0,0.0,0.0,1
426,179,178,2800.0,87.0,7.333333,1.0,4.0,0.0,0.0,1
427,180,185,2800.0,144.0,12.666667,1.0,4.0,0.0,0.0,1
428,181,180,2800.0,31.0,2.666667,1.0,4.0,0.0,0.0,1
429,181,187,2400.0,49.0,1.333333,1.0,4.0,0.0,0.0,1
430,182,180,2400.0,107.0,8.666667,1.0,4.0,0.0,0.0,1
431,183,161,2800.0,24.0,1.0,1.0,4.0,0.0,0.0,1
432,183,184,2800.0,27.0,1.0,1.0,4.0,0.0,0.0,1
433,184,188,2800.0,344.0,7.666667,1.0,4.0,0.0,0.0,1
434,185,158,2800.0,38.0,3.333333,1.0,4.0,0.0,0.0,1
435,185,189,2800.0,60.0,1.666667,1.0,4.0,0.0,0.0,1
436,186,161,600.0,44.0,1.333333,1.0,4.0,0.0,0.0,1
437,186,184,2800.0,60.0,1.666667,1.0,4.0,0.0,0.0,1
438,187,190,2400.0,49.0,1.0,1.0,4.0,0.0,0.0,1
439,188,158,2800.0,62.0,7.666667,1.0,4.0,0.0,0.0,1
440,188,189,2800.0,39.0,1.0,1.0,4.0,0.0,0.0,1
441,189,183,2800.0,350.0,9.666667,1.0,4.0,0.0,0.0,1
442,190,165,2400.0,95.0,2.333333,1.0,4.0,0.0,0.0,1
443,191,15,999999.0,0.0,0.0,0.0,4.0,0.0,0.0,0
444,191,182,2400.0,239.0,6.666667,1.0,4.0,0.0,0.0,1
445,192,191,2400.0,172.0,4.666667,1.0,4.0,0.0,0.0,1
446,193,194,2400.0,157.0,10.333333,1.0,4.0,0.0,0.0,1
447,194,204,2400.0,10.0,0.333333,1.0,4.0,0.0,0.0,1
448,195,151,900.0,105.0,15.0,1.0,4.0,0.0,0.0,1
449,196,6,999999.0,0.0,0.0,0.0,4.0,0.0,0.0,0
450,196,223,2400.0,231.0,11.0,1.0,4.0,0.0,0.0,1
451,197,194,900.0,48.0,6.0,1.0,4.0,0.0,0.0,1
452,198,200,2400.0,39.0,1.0,1.0,4.0,0.0,0.0,1
453,198,363,900.0,90.0,3.0,1.0,4.0,0.0,0.0,1
454,199,67,2400.0,281.0,14.0,1.0,4.0,0.0,0.0,1
455,200,199,2400.0,112.0,2.666667,1.0,4.0,0.0,0.0,1
456,201,13,999999.0,0.0,0.0,0.0,4.0,0.0,0.0,0
457,201,203,600.0,206.0,5.0,1.0,4.0,0.0,0.0,1
458,202,51,2400.0,67.0,11.666667,1.0,4.0,0.0,0.0,1
459,203,13,999999.0,0.0,0.0,0.0,4.0,0.0,0.0,0
460,203,206,600.0,366.0,9.0,1.0,4.0,0.0,0.0,1
461,203,210,900.0,180.0,4.666667,1.0,4.0,0.0,0.0,1
462,203,398,900.0,71.0,2.333333,1.0,4.0,0.0,0.0,1
463,204,198,2400.0,19.0,1.0,1.0,4.0,0.0,0.0,1
464,204,233,2400.0,22.0,0.666667,1.0,4.0,0.0,0.0,1
465,205,130,600.0,52.0,1.333333,1.0,4.0,0.0,0.0,1
466,206,201,600.0,160.0,7.0,1.0,4.0,0.0,0.0,1
467,206,211,600.0,63.0,1.666667,1.0,4.0,0.0,0.0,1
468,207,128,2400.0,136.0,6.0,1.0,4.0,0.0,0.0,1
469,208,209,2800.0,97.0,2.666667,1.0,4.0,0.0,0.0,1
470,209,176,2800.0,154.0,13.666667,1.0,4.0,0.0,0.0,1
471,210,28,999999.0,0.0,0.0,0.0,4.0,0.0,0.0,0
472,210,203,900.0,180.0,9.0,1.0,4.0,0.0,0.0,1
473,210,214,600.0,156.0,4.0,1.0,4.0,0.0,0.0,1
474,210,215,900.0,77.0,2.0,1.0,4.0,0.0,0.0,1
475,211,205,600.0,30.0,0.666667,1.0,4.0,0.0,0.0,1
476,212,208,2800.0,33.0,0.666667,1.0,4.0,0.0,0.0,1
477,212,216,2800.0,84.0,2.333333,1.0,4.0,0.0,0.0,1
478,213,28,999999.0,0.0,0.0,0.0,4.0,0.0,0.0,0
479,213,210,900.0,200.0,7.333333,1.0,4.0,0.0,0.0,1
480,214,28,999999.0,0.0,0.0,0.0,4.0,0.0,0.0,0
481,215,28,999999.0,0.0,0.0,0.0,4.0,0.0,0.0,0
482,215,122,900.0,318.0,8.0,1.0,4.0,0.0,0.0,1
483,216,62,2800.0,545.0,13.333333,1.0,4.0,0.0,0.0,1
484,217,20,999999.0,0.0,0.0,0.0,4.0,0.0,0.0,0
485,217,218,900.0,119.0,4.333333,1.0,4.0,0.0,0.0,1
486,218,217,900.0,119.0,5.666667,1.0,4.0,0.0,0.0,1
487,218,219,900.0,42.0,1.0,1.0,4.0,0.0,0.0,1
488,219,220,900.0,90.0,2.333333,1.0,4.0,0.0,0.0,1
489,220,20,999999.0,0.0,0.0,0.0,4.0,0.0,0.0,0
490,220,219,900.0,90.0,2.333333,1.0,4.0,0.0,0.0,1
491,220,221,900.0,53.0,1.333333,1.0,4.0,0.0,0.0,1
492,221,20,999999.0,0.0,0.0,0.0,4.0,0.0,0.0,0
493,221,217,900.0,113.0,11.0,1.0,4.0,0.0,0.0,1
494,221,220,900.0,53.0,1.333333,1.0,4.0,0.0,0.0,1
495,221,290,900.0,300.0,21.333333,1.0,4.0,0.0,0.0,1
496,222,23,999999.0,0.0,0.0,0.0,4.0,0.0,0.0,0
497,222,224,2400.0,125.0,4.333333,1.0,4.0,0.0,0.0,1
498,222,239,600.0,20.0,0.333333,1.0,4.0,0.0,0.0,1
499,223,6,999999.0,0.0,0.0,0.0,4.0,0.0,0.0,0
500,223,202,2400.0,358.0,15.666667,1.0,4.0,0.0,0.0,1
501,223,237,2400.0,390.0,11.0,1.0,4.0,0.0,0.0,1
502,223,295,2400.0,25.0,1.666667,1.0,4.0,0.0,0.0,1
503,224,23,999999.0,0.0,0.0,0.0,4.0,0.0,0.0,0
504,224,198,2400.0,175.0,13.0,1.0,4.0,0.0,0.0,1
505,225,56,2800.0,254.0,7.333333,1.0,4.0,0.0,0.0,1
506,226,4,999999.0,0.0,0.0,0.0,4.0,0.0,0.0,0
507,226,23,999999.0,0.0,0.0,0.0,4.0,0.0,0.0,0
508,226,228,900.0,339.0,21.333333,1.0,4.0,0.0,0.0,1
509,226,232,900.0,154.0,9.0,1.0,4.0,0.0,0.0,1
510,227,77,2800.0,200.0,9.0,1.0,4.0,0.0,0.0,1
511,228,22,999999.0,0.0,0.0,0.0,4.0,0.0,0.0,0
512,228,231,900.0,233.0,7.666667,1.0,4.0,0.0,0.0,1
513,228,286,2800.0,81.0,14.666667,1.0,4.0,0.0,0.0,1
514,229,82,900.0,43.0,1.333333,1.0,4.0,0.0,0.0,1
515,229,242,900.0,203.0,10.0,1.0,4.0,0.0,0.0,1
516,230,226,900.0,222.0,11.333333,1.0,4.0,0.0,0.0,1
517,230,296,900.0,252.0,16.0,1.0,4.0,0.0,0.0,1
518,231,4,999999.0,0.0,0.0,0.0,4.0,0.0,0.0,0
519,231,23,999999.0,0.0,0.0,0.0,4.0,0.0,0.0,0
520,231,226,900.0,106.0,9.666667,1.0,4.0,0.0,0.0,1
521,232,4,999999.0,0.0,0.0,0.0,4.0,0.0,0.0,0
522,232,226,900.0,154.0,16.333333,1.0,4.0,0.0,0.0,1
523,232,230,900.0,225.0,14.666667,1.0,4.0,0.0,0.0,1
524,232,263,900.0,118.0,9.666667,1.0,4.0,0.0,0.0,1
525,233,235,2400.0,84.0,2.0,1.0,4.0,0.0,0.0,1
526,234,141,900.0,73.0,6.0,1.0,4.0,0.0,0.0,1
527,234,263,2800.0,41.0,4.666667,1.0,4.0,0.0,0.0,1
528,235,236,2400.0,61.0,1.333333,1.0,4.0,0.0,0.0,1
529,236,239,2400.0,132.0,4.333333,1.0,4.0,0.0,0.0,1
530,237,298,2400.0,45.0,1.666667,1.0,4.0,0.0,0.0,1
531,238,20,999999.0,0.0,0.0,0.0,4.0,0.0,0.0,0
532,239,222,600.0,20.0,0.333333,1.0,4.0,0.0,0.0,1
533,239,238,600.0,102.0,3.666667,1.0,4.0,0.0,0.0,1
534,239,288,2800.0,284.0,23.0,1.0,4.0,0.0,0.0,1
535,240,32,999999.0,0.0,0.0,0.0,4.0,0.0,0.0,0
536,240,36,999999.0,0.0,0.0,0.0,4.0,0.0,0.0,0
537,240,355,900.0,113.0,3.333333,1.0,4.0,0.0,0.0,1
538,241,16,999999.0,0.0,0.0,0.0,4.0,0.0,0.0,0
539,241,18,999999.0,0.0,0.0,0.0,4.0,0.0,0.0,0
540,241,75,900.0,73.0,1.666667,1.0,4.0,0.0,0.0,1
541,242,229,900.0,203.0,5.666667,1.0,4.0,0.0,0.0,1
542,242,240,900.0,173.0,9.0,1.0,4.0,0.0,0.0,1
543,242,247,2400.0,320.0,11.333333,1.0,4.0,0.0,0.0,1
544,242,270,2400.0,255.0,8.666667,1.0,4.0,0.0,0.0,1
545,243,72,900.0,58.0,2.0,1.0,4.0,0.0,0.0,1
546,243,80,900.0,66.0,4.333333,1.0,4.0,0.0,0.0,1
547,243,245,900.0,105.0,3.333333,1.0,4.0,0.0,0.0,1
548,244,32,999999.0,0.0,0.0,0.0,4.0,0.0,0.0,0
549,244,354,900.0,113.0,3.0,1.0,4.0,0.0,0.0,1
550,244,376,900.0,293.0,9.333333,1.0,4.0,0.0,0.0,1
551,245,70,900.0,77.0,2.666667,1.0,4.0,0.0,0.0,1
552,245,243,900.0,105.0,2.666667,1.0,4.0,0.0,0.0,1
553,246,16,999999.0,0.0,0.0,0.0,4.0,0.0,0.0,0
554,246,241,900.0,32.0,0.666667,1.0,4.0,0.0,0.0,1
555,247,36,999999.0,0.0,0.0,0.0,4.0,0.0,0.0,0
556,247,242,2400.0,320.0,30.666667,1.0,4.0,0.0,0.0,1
557,247,267,2400.0,459.0,20.333333,1.0,4.0,0.0,0.0,1
558,247,269,600.0,186.0,4.666667,1.0,4.0,0.0,0.0,1
559,248,257,2400.0,187.0,4.0,1.0,4.0,0.0,0.0,1
560,249,102,900.0,224.0,10.333333,1.0,4.0,0.0,0.0,1
561,250,397,900.0,57.0,2.333333,1.0,4.0,0.0,0.0,1
562,251,17,999999.0,0.0,0.0,0.0,4.0,0.0,0.0,0
563,251,80,900.0,172.0,13.333333,1.0,4.0,0.0,0.0,1
564,252,248,2400.0,208.0,4.333333,1.0,4.0,0.0,0.0,1
565,253,2,999999.0,0.0,0.0,0.0,4.0,0.0,0.0,0
566,253,81,900.0,409.0,28.333333,1.0,4.0,0.0,0.0,1
567,253,258,600.0,174.0,6.0,1.0,4.0,0.0,0.0,1
568,253,272,900.0,66.0,2.666667,1.0,4.0,0.0,0.0,1
569,253,353,900.0,384.0,21.0,1.0,4.0,0.0,0.0,1
570,254,5,999999.0,0.0,0.0,0.0,4.0,0.0,0.0,0
571,254,253,900.0,165.0,8.666667,1.0,4.0,0.0,0.0,1
572,255,2,999999.0,0.0,0.0,0.0,4.0,0.0,0.0,0
573,255,5,999999.0,0.0,0.0,0.0,4.0,0.0,0.0,0
574,255,253,900.0,221.0,13.333333,1.0,4.0,0.0,0.0,1
575,256,2,999999.0,0.0,0.0,0.0,4.0,0.0,0.0,0
576,256,272,900.0,93.0,8.333333,1.0,4.0,0.0,0.0,1
577,256,397,900.0,102.0,3.666667,1.0,4.0,0.0,0.0,1
578,257,81,2400.0,324.0,6.666667,1.0,4.0,0.0,0.0,1
579,258,3,999999.0,0.0,0.0,0.0,4.0,0.0,0.0,0
580,258,253,600.0,174.0,12.0,1.0,4.0,0.0,0.0,1
581,258,259,600.0,109.0,4.0,1.0,4.0,0.0,0.0,1
582,259,3,999999.0,0.0,0.0,0.0,4.0,0.0,0.0,0
583,259,260,600.0,60.0,2.666667,1.0,4.0,0.0,0.0,1
584,260,3,999999.0,0.0,0.0,0.0,4.0,0.0,0.0,0
585,260,262,600.0,70.0,3.0,1.0,4.0,0.0,0.0,1
586,261,3,999999.0,0.0,0.0,0.0,4.0,0.0,0.0,0
587,261,258,600.0,241.0,9.666667,1.0,4.0,0.0,0.0,1
588,261,262,600.0,32.0,0.666667,1.0,4.0,0.0,0.0,1
589,262,145,600.0,261.0,6.666667,1.0,4.0,0.0,0.0,1
590,262,261,600.0,32.0,0.666667,1.0,4.0,0.0,0.0,1
591,263,4,999999.0,0.0,0.0,0.0,4.0,0.0,0.0,0
592,263,232,900.0,118.0,7.666667,1.0,4.0,0.0,0.0,1
593,263,265,600.0,46.0,3.666667,1.0,4.0,0.0,0.0,1
594,264,6,999999.0,0.0,0.0,0.0,4.0,0.0,0.0,0
595,264,295,900.0,178.0,12.666667,1.0,4.0,0.0,0.0,1
596,265,261,600.0,210.0,10.666667,1.0,4.0,0.0,0.0,1
597,266,31,999999.0,0.0,0.0,0.0,4.0,0.0,0.0,0
598,266,269,600.0,123.0,3.0,1.0,4.0,0.0,0.0,1
599,267,31,999999.0,0.0,0.0,0.0,4.0,0.0,0.0,0
600,267,33,999999.0,0.0,0.0,0.0,4.0,0.0,0.0,0
601,267,40,2400.0,167.0,5.333333,1.0,4.0,0.0,0.0,1
602,268,31,999999.0,0.0,0.0,0.0,4.0,0.0,0.0,0
603,268,33,999999.0,0.0,0.0,0.0,4.0,0.0,0.0,0
604,268,36,999999.0,0.0,0.0,0.0,4.0,0.0,0.0,0
605,268,247,2400.0,202.0,7.333333,1.0,4.0,0.0,0.0,1
606,269,31,999999.0,0.0,0.0,0.0,4.0,0.0,0.0,0
607,269,247,600.0,186.0,4.666667,1.0,4.0,0.0,0.0,1
608,270,17,999999.0,0.0,0.0,0.0,4.0,0.0,0.0,0
609,270,32,999999.0,0.0,0.0,0.0,4.0,0.0,0.0,0
610,270,79,2400.0,208.0,24.0,1.0,4.0,0.0,0.0,1
611,271,277,2800.0,205.0,5.666667,1.0,4.0,0.0,0.0,1
612,271,282,600.0,16.0,0.333333,1.0,4.0,0.0,0.0,1
613,272,2,999999.0,0.0,0.0,0.0,4.0,0.0,0.0,0
614,272,253,900.0,66.0,6.0,1.0,4.0,0.0,0.0,1
615,272,256,900.0,93.0,4.333333,1.0,4.0,0.0,0.0,1
616,273,17,999999.0,0.0,0.0,0.0,4.0,0.0,0.0,0
617,273,242,2400.0,178.0,21.0,1.0,4.0,0.0,0.0,1
618,274,140,600.0,18.0,0.666667,1.0,4.0,0.0,0.0,1
619,274,227,2800.0,82.0,3.0,1.0,4.0,0.0,0.0,1
620,275,11,999999.0,0.0,0.0,0.0,4.0,0.0,0.0,0
621,275,65,2800.0,183.0,19.0,1.0,4.0,0.0,0.0,1
622,276,27,999999.0,0.0,0.0,0.0,4.0,0.0,0.0,0
623,276,280,600.0,25.0,2.333333,1.0,4.0,0.0,0.0,1
624,277,63,2800.0,211.0,10.0,1.0,4.0,0.0,0.0,1
625,278,109,2400.0,113.0,3.333333,1.0,4.0,0.0,0.0,1
626,279,11,999999.0,0.0,0.0,0.0,4.0,0.0,0.0,0
627,279,275,900.0,162.0,4.333333,1.0,4.0,0.0,0.0,1
628,279,276,600.0,294.0,7.0,1.0,4.0,0.0,0.0,1
629,280,27,999999.0,0.0,0.0,0.0,4.0,0.0,0.0,0
630,280,78,600.0,85.0,2.333333,1.0,4.0,0.0,0.0,1
631,280,283,600.0,205.0,5.333333,1.0,4.0,0.0,0.0,1
632,281,284,2400.0,141.0,7.666667,1.0,4.0,0.0,0.0,1
633,282,271,600.0,16.0,0.333333,1.0,4.0,0.0,0.0,1
634,282,274,2800.0,240.0,14.333333,1.0,4.0,0.0,0.0,1
635,283,11,999999.0,0.0,0.0,0.0,4.0,0.0,0.0,0
636,283,279,900.0,114.0,2.666667,1.0,4.0,0.0,0.0,1
637,284,223,2400.0,328.0,18.0,1.0,4.0,0.0,0.0,1
638,285,22,999999.0,0.0,0.0,0.0,4.0,0.0,0.0,0
639,285,286,2800.0,40.0,7.0,1.0,4.0,0.0,0.0,1
640,285,287,2800.0,218.0,9.0,1.0,4.0,0.0,0.0,1
641,286,22,999999.0,0.0,0.0,0.0,4.0,0.0,0.0,0
642,286,222,2800.0,276.0,8.666667,1.0,4.0,0.0,0.0,1
643,286,228,900.0,81.0,2.666667,1.0,4.0,0.0,0.0,1
644,286,288,2800.0,12.0,0.666667,1.0,4.0,0.0,0.0,1
645,287,19,999999.0,0.0,0.0,0.0,4.0,0.0,0.0,0
646,287,22,999999.0,0.0,0.0,0.0,4.0,0.0,0.0,0
647,287,285,2800.0,218.0,12.333333,1.0,4.0,0.0,0.0,1
648,287,353,2400.0,367.0,13.666667,1.0,4.0,0.0,0.0,1
649,288,285,2400.0,37.0,1.666667,1.0,4.0,0.0,0.0,1
650,288,286,2800.0,12.0,0.666667,1.0,4.0,0.0,0.0,1
651,288,290,2400.0,363.0,20.333333,1.0,4.0,0.0,0.0,1
652,289,288,2800.0,252.0,23.0,1.0,4.0,0.0,0.0,1
653,290,221,900.0,300.0,12.333333,1.0,4.0,0.0,0.0,1
654,290,289,2400.0,111.0,5.333333,1.0,4.0,0.0,0.0,1
655,290,312,2400.0,261.0,10.666667,1.0,4.0,0.0,0.0,1
656,290,377,900.0,197.0,8.666667,1.0,4.0,0.0,0.0,1
657,291,19,999999.0,0.0,0.0,0.0,4.0,0.0,0.0,0
658,291,287,600.0,70.0,1.666667,1.0,4.0,0.0,0.0,1
659,292,19,999999.0,0.0,0.0,0.0,4.0,0.0,0.0,0
660,292,287,2400.0,131.0,4.666667,1.0,4.0,0.0,0.0,1
661,293,141,900.0,104.0,5.333333,1.0,4.0,0.0,0.0,1
662,293,264,900.0,105.0,7.666667,1.0,4.0,0.0,0.0,1
663,294,295,2800.0,351.0,14.0,1.0,4.0,0.0,0.0,1
664,295,6,999999.0,0.0,0.0,0.0,4.0,0.0,0.0,0
665,295,223,2400.0,25.0,1.0,1.0,4.0,0.0,0.0,1
666,295,278,2400.0,539.0,24.333333,1.0,4.0,0.0,0.0,1
667,295,293,900.0,283.0,10.0,1.0,4.0,0.0,0.0,1
668,296,297,900.0,134.0,5.666667,1.0,4.0,0.0,0.0,1
669,296,300,2800.0,131.0,14.666667,1.0,4.0,0.0,0.0,1
670,296,360,900.0,39.0,1.0,1.0,4.0,0.0,0.0,1
671,297,230,900.0,118.0,8.666667,1.0,4.0,0.0,0.0,1
672,298,301,2800.0,198.0,10.0,1.0,4.0,0.0,0.0,1
673,299,302,2400.0,196.0,11.0,1.0,4.0,0.0,0.0,1
674,300,294,2400.0,271.0,10.666667,1.0,4.0,0.0,0.0,1
675,300,301,2800.0,26.0,2.0,1.0,4.0,0.0,0.0,1
676,301,299,2800.0,75.0,2.333333,1.0,4.0,0.0,0.0,1
677,301,358,2800.0,28.0,1.0,1.0,4.0,0.0,0.0,1
678,302,168,2800.0,69.0,4.666667,1.0,4.0,0.0,0.0,1
679,302,367,2400.0,37.0,0.666667,1.0,4.0,0.0,0.0,1
680,303,1,999999.0,0.0,0.0,0.0,4.0,0.0,0.0,0
681,303,304,600.0,100.0,2.333333,1.0,4.0,0.0,0.0,1
682,304,1,999999.0,0.0,0.0,0.0,4.0,0.0,0.0,0
683,304,307,600.0,43.0,1.0,1.0,4.0,0.0,0.0,1
684,304,308,600.0,192.0,4.666667,1.0,4.0,0.0,0.0,1
685,304,310,600.0,164.0,4.0,1.0,4.0,0.0,0.0,1
686,305,312,600.0,97.0,2.333333,1.0,4.0,0.0,0.0,1
687,306,1,999999.0,0.0,0.0,0.0,4.0,0.0,0.0,0
688,306,303,600.0,179.0,4.333333,1.0,4.0,0.0,0.0,1
689,307,1,999999.0,0.0,0.0,0.0,4.0,0.0,0.0,0
690,307,311,600.0,114.0,3.0,1.0,4.0,0.0,0.0,1
691,308,305,600.0,180.0,4.666667,1.0,4.0,0.0,0.0,1
692,309,310,600.0,176.0,4.333333,1.0,4.0,0.0,0.0,1
693,310,304,600.0,164.0,4.0,1.0,4.0,0.0,0.0,1
694,310,311,600.0,387.0,9.666667,1.0,4.0,0.0,0.0,1
695,310,313,600.0,191.0,4.666667,1.0,4.0,0.0,0.0,1
696,311,304,600.0,157.0,4.0,1.0,4.0,0.0,0.0,1
697,311,309,600.0,211.0,5.333333,1.0,4.0,0.0,0.0,1
698,312,21,999999.0,0.0,0.0,0.0,4.0,0.0,0.0,0
699,312,290,2400.0,261.0,16.0,1.0,4.0,0.0,0.0,1
700,312,306,600.0,190.0,4.666667,1.0,4.0,0.0,0.0,1
701,312,375,2400.0,234.0,8.0,1.0,4.0,0.0,0.0,1
702,313,375,600.0,226.0,5.666667,1.0,4.0,0.0,0.0,1
703,314,139,2800.0,128.0,4.333333,1.0,4.0,0.0,0.0,1
704,314,315,2800.0,168.0,10.333333,1.0,4.0,0.0,0.0,1
705,314,319,2400.0,104.0,2.666667,1.0,4.0,0.0,0.0,1
706,314,320,2400.0,96.0,4.666667,1.0,4.0,0.0,0.0,1
707,315,25,999999.0,0.0,0.0,0.0,4.0,0.0,0.0,0
708,315,314,2800.0,168.0,8.333333,1.0,4.0,0.0,0.0,1
709,315,316,600.0,107.0,4.0,1.0,4.0,0.0,0.0,1
710,315,321,600.0,103.0,4.0,1.0,4.0,0.0,0.0,1
711,315,331,2800.0,219.0,22.666667,1.0,4.0,0.0,0.0,1
712,316,315,600.0,107.0,2.666667,1.0,4.0,0.0,0.0,1
713,316,319,600.0,117.0,4.0,1.0,4.0,0.0,0.0,1
714,316,326,600.0,121.0,3.0,1.0,4.0,0.0,0.0,1
715,317,16,999999.0,0.0,0.0,0.0,4.0,0.0,0.0,0
716,317,24,999999.0,0.0,0.0,0.0,4.0,0.0,0.0,0
717,317,383,900.0,153.0,3.666667,1.0,4.0,0.0,0.0,1
718,318,143,2400.0,29.0,0.666667,1.0,4.0,0.0,0.0,1
719,318,319,2400.0,161.0,13.333333,1.0,4.0,0.0,0.0,1
720,318,326,600.0,86.0,2.0,1.0,4.0,0.0,0.0,1
721,319,138,600.0,128.0,6.0,1.0,4.0,0.0,0.0,1
722,319,314,2400.0,104.0,6.0,1.0,4.0,0.0,0.0,1
723,319,318,2400.0,161.0,4.0,1.0,4.0,0.0,0.0,1
724,320,314,2400.0,96.0,5.0,1.0,4.0,0.0,0.0,1
725,320,339,2400.0,190.0,9.333333,1.0,4.0,0.0,0.0,1
726,321,341,600.0,98.0,4.666667,1.0,4.0,0.0,0.0,1
727,322,336,900.0,83.0,2.666667,1.0,4.0,0.0,0.0,1
728,323,327,2400.0,144.0,11.0,1.0,4.0,0.0,0.0,1
729,323,345,2400.0,128.0,3.333333,1.0,4.0,0.0,0.0,1
730,323,381,2400.0,29.0,1.0,1.0,4.0,0.0,0.0,1
731,324,337,2800.0,64.0,2.333333,1.0,4.0,0.0,0.0,1
732,325,322,900.0,154.0,7.0,1.0,4.0,0.0,0.0,1
733,325,324,2800.0,129.0,8.0,1.0,4.0,0.0,0.0,1
734,325,331,2800.0,520.0,25.0,1.0,4.0,0.0,0.0,1
735,326,316,600.0,121.0,3.0,1.0,4.0,0.0,0.0,1
736,326,318,600.0,86.0,2.0,1.0,4.0,0.0,0.0,1
737,327,26,999999.0,0.0,0.0,0.0,4.0,0.0,0.0,0
738,327,323,2400.0,144.0,12.333333,1.0,4.0,0.0,0.0,1
739,327,328,900.0,47.0,1.333333,1.0,4.0,0.0,0.0,1
740,327,332,2400.0,422.0,15.666667,1.0,4.0,0.0,0.0,1
741,327,346,600.0,203.0,7.333333,1.0,4.0,0.0,0.0,1
742,328,26,999999.0,0.0,0.0,0.0,4.0,0.0,0.0,0
743,329,330,900.0,17.0,0.333333,1.0,4.0,0.0,0.0,1
744,330,329,900.0,17.0,1.333333,1.0,4.0,0.0,0.0,1
745,330,333,900.0,109.0,4.666667,1.0,4.0,0.0,0.0,1
746,330,334,900.0,436.0,11.0,1.0,4.0,0.0,0.0,1
747,331,25,999999.0,0.0,0.0,0.0,4.0,0.0,0.0,0
748,331,315,2800.0,219.0,11.333333,1.0,4.0,0.0,0.0,1
749,331,325,2800.0,520.0,41.0,1.0,4.0,0.0,0.0,1
750,331,327,2400.0,599.0,28.666667,1.0,4.0,0.0,0.0,1
751,331,334,900.0,298.0,13.333333,1.0,4.0,0.0,0.0,1
752,332,25,999999.0,0.0,0.0,0.0,4.0,0.0,0.0,0
753,332,26,999999.0,0.0,0.0,0.0,4.0,0.0,0.0,0
754,332,331,2400.0,177.0,18.333333,1.0,4.0,0.0,0.0,1
755,333,325,900.0,236.0,16.666667,1.0,4.0,0.0,0.0,1
756,333,336,900.0,14.0,0.333333,1.0,4.0,0.0,0.0,1
757,334,25,999999.0,0.0,0.0,0.0,4.0,0.0,0.0,0
758,334,143,900.0,324.0,13.0,1.0,4.0,0.0,0.0,1
759,334,330,900.0,436.0,11.0,1.0,4.0,0.0,0.0,1
760,334,331,900.0,298.0,40.333333,1.0,4.0,0.0,0.0,1
761,335,26,999999.0,0.0,0.0,0.0,4.0,0.0,0.0,0
762,335,327,900.0,279.0,18.0,1.0,4.0,0.0,0.0,1
763,335,337,900.0,374.0,18.666667,1.0,4.0,0.0,0.0,1
764,335,338,900.0,170.0,13.666667,1.0,4.0,0.0,0.0,1
765,336,329,900.0,99.0,4.0,1.0,4.0,0.0,0.0,1
766,336,333,900.0,14.0,0.333333,1.0,4.0,0.0,0.0,1
767,337,335,900.0,374.0,13.333333,1.0,4.0,0.0,0.0,1
768,338,335,900.0,170.0,11.333333,1.0,4.0,0.0,0.0,1
769,338,380,900.0,16.0,2.0,1.0,4.0,0.0,0.0,1
770,339,99,2400.0,100.0,5.666667,1.0,4.0,0.0,0.0,1
771,340,342,600.0,87.0,3.666667,1.0,4.0,0.0,0.0,1
772,341,315,600.0,201.0,17.666667,1.0,4.0,0.0,0.0,1
773,341,342,600.0,6.0,0.333333,1.0,4.0,0.0,0.0,1
774,342,341,600.0,6.0,0.333333,1.0,4.0,0.0,0.0,1
775,342,347,600.0,187.0,6.666667,1.0,4.0,0.0,0.0,1
776,343,100,600.0,201.0,10.0,1.0,4.0,0.0,0.0,1
777,343,340,600.0,100.0,8.333333,1.0,4.0,0.0,0.0,1
778,343,344,600.0,94.0,14.333333,1.0,4.0,0.0,0.0,1
779,344,83,600.0,198.0,11.333333,1.0,4.0,0.0,0.0,1
780,344,86,600.0,137.0,8.333333,1.0,4.0,0.0,0.0,1
781,344,343,600.0,94.0,4.0,1.0,4.0,0.0,0.0,1
782,345,93,2400.0,84.0,3.666667,1.0,4.0,0.0,0.0,1
783,345,384,2400.0,32.0,0.666667,1.0,4.0,0.0,0.0,1
784,346,344,600.0,114.0,8.333333,1.0,4.0,0.0,0.0,1
785,347,343,600.0,100.0,5.666667,1.0,4.0,0.0,0.0,1
786,348,349,900.0,23.0,0.666667,1.0,4.0,0.0,0.0,1
787,349,203,900.0,180.0,7.0,1.0,4.0,0.0,0.0,1
788,351,282,2800.0,293.0,8.333333,1.0,4.0,0.0,0.0,1
789,352,5,999999.0,0.0,0.0,0.0,4.0,0.0,0.0,0
790,352,353,2400.0,74.0,6.0,1.0,4.0,0.0,0.0,1
791,353,5,999999.0,0.0,0.0,0.0,4.0,0.0,0.0,0
792,353,79,2400.0,384.0,19.333333,1.0,4.0,0.0,0.0,1
793,353,254,900.0,219.0,11.333333,1.0,4.0,0.0,0.0,1
794,353,292,2400.0,236.0,8.666667,1.0,4.0,0.0,0.0,1
795,354,36,999999.0,0.0,0.0,0.0,4.0,0.0,0.0,0
796,354,244,900.0,113.0,14.333333,1.0,4.0,0.0,0.0,1
797,354,355,900.0,72.0,2.333333,1.0,4.0,0.0,0.0,1
798,355,354,900.0,72.0,3.0,1.0,4.0,0.0,0.0,1
799,355,356,900.0,17.0,0.666667,1.0,4.0,0.0,0.0,1
800,356,242,900.0,269.0,26.0,1.0,4.0,0.0,0.0,1
801,357,19,999999.0,0.0,0.0,0.0,4.0,0.0,0.0,0
802,357,244,900.0,165.0,8.333333,1.0,4.0,0.0,0.0,1
803,358,366,2800.0,30.0,1.666667,1.0,4.0,0.0,0.0,1
804,358,371,2400.0,184.0,5.0,1.0,4.0,0.0,0.0,1
805,359,8,999999.0,0.0,0.0,0.0,4.0,0.0,0.0,0
806,359,296,900.0,231.0,15.666667,1.0,4.0,0.0,0.0,1
807,359,361,900.0,10.0,0.333333,1.0,4.0,0.0,0.0,1
808,360,8,999999.0,0.0,0.0,0.0,4.0,0.0,0.0,0
809,360,359,900.0,192.0,7.666667,1.0,4.0,0.0,0.0,1
810,361,8,999999.0,0.0,0.0,0.0,4.0,0.0,0.0,0
811,361,197,900.0,274.0,18.333333,1.0,4.0,0.0,0.0,1
812,362,9,999999.0,0.0,0.0,0.0,4.0,0.0,0.0,0
813,362,358,2400.0,239.0,8.0,1.0,4.0,0.0,0.0,1
814,363,364,900.0,118.0,4.0,1.0,4.0,0.0,0.0,1
815,364,8,999999.0,0.0,0.0,0.0,4.0,0.0,0.0,0
816,364,359,900.0,111.0,4.0,1.0,4.0,0.0,0.0,1
817,365,366,2400.0,220.0,17.0,1.0,4.0,0.0,0.0,1
818,366,300,2800.0,23.0,1.666667,1.0,4.0,0.0,0.0,1
819,366,370,2800.0,107.0,4.333333,1.0,4.0,0.0,0.0,1
820,367,302,2400.0,37.0,0.666667,1.0,4.0,0.0,0.0,1
821,367,362,2400.0,29.0,1.0,1.0,4.0,0.0,0.0,1
822,368,365,2400.0,75.0,2.0,1.0,4.0,0.0,0.0,1
823,369,368,2400.0,15.0,1.0,1.0,4.0,0.0,0.0,1
824,370,296,900.0,37.0,2.0,1.0,4.0,0.0,0.0,1
825,370,360,900.0,44.0,2.333333,1.0,4.0,0.0,0.0,1
826,371,131,2400.0,145.0,11.333333,1.0,4.0,0.0,0.0,1
827,372,21,999999.0,0.0,0.0,0.0,4.0,0.0,0.0,0
828,372,37,2400.0,64.0,2.666667,1.0,4.0,0.0,0.0,1
829,373,21,999999.0,0.0,0.0,0.0,4.0,0.0,0.0,0
830,373,372,2400.0,55.0,2.0,1.0,4.0,0.0,0.0,1
831,374,290,900.0,78.0,9.333333,1.0,4.0,0.0,0.0,1
832,375,21,999999.0,0.0,0.0,0.0,4.0,0.0,0.0,0
833,375,310,600.0,417.0,10.333333,1.0,4.0,0.0,0.0,1
834,375,312,2400.0,234.0,8.333333,1.0,4.0,0.0,0.0,1
835,375,373,2400.0,23.0,1.333333,1.0,4.0,0.0,0.0,1
836,376,377,900.0,134.0,4.0,1.0,4.0,0.0,0.0,1
837,377,287,600.0,358.0,18.666667,1.0,4.0,0.0,0.0,1
838,377,357,900.0,262.0,9.333333,1.0,4.0,0.0,0.0,1
839,377,374,900.0,119.0,5.666667,1.0,4.0,0.0,0.0,1
840,378,382,600.0,166.0,4.0,1.0,4.0,0.0,0.0,1
841,379,24,999999.0,0.0,0.0,0.0,4.0,0.0,0.0,0
842,379,246,900.0,400.0,10.333333,1.0,4.0,0.0,0.0,1
843,380,338,900.0,16.0,0.666667,1.0,4.0,0.0,0.0,1
844,380,382,900.0,175.0,12.666667,1.0,4.0,0.0,0.0,1
845,381,323,2400.0,29.0,1.333333,1.0,4.0,0.0,0.0,1
846,381,383,900.0,165.0,4.0,1.0,4.0,0.0,0.0,1
847,382,380,900.0,175.0,8.666667,1.0,4.0,0.0,0.0,1
848,383,24,999999.0,0.0,0.0,0.0,4.0,0.0,0.0,0
849,383,379,900.0,85.0,2.0,1.0,4.0,0.0,0.0,1
850,383,381,900.0,165.0,4.0,1.0,4.0,0.0,0.0,1
851,383,382,900.0,226.0,14.0,1.0,4.0,0.0,0.0,1
852,384,345,2400.0,32.0,2.333333,1.0,4.0,0.0,0.0,1
853,384,381,2400.0,130.0,10.0,1.0,4.0,0.0,0.0,1
854,385,24,999999.0,0.0,0.0,0.0,4.0,0.0,0.0,0
855,385,383,600.0,219.0,7.333333,1.0,4.0,0.0,0.0,1
856,386,389,2800.0,236.0,5.666667,1.0,4.0,0.0,0.0,1
857,387,388,2400.0,50.0,1.0,1.0,4.0,0.0,0.0,1
858,389,30,999999.0,0.0,0.0,0.0,4.0,0.0,0.0,0
859,389,186,2800.0,22.0,0.666667,1.0,4.0,0.0,0.0,1
860,390,33,999999.0,0.0,0.0,0.0,4.0,0.0,0.0,0
861,390,268,2400.0,400.0,12.666667,1.0,4.0,0.0,0.0,1
862,391,325,2800.0,22.0,3.0,1.0,4.0,0.0,0.0,1
863,392,41,600.0,193.0,4.666667,1.0,4.0,0.0,0.0,1
864,393,162,2800.0,45.0,3.333333,1.0,4.0,0.0,0.0,1
865,394,160,2800.0,590.0,15.333333,1.0,4.0,0.0,0.0,1
866,395,111,900.0,277.0,15.666667,1.0,4.0,0.0,0.0,1
867,397,249,900.0,70.0,3.0,1.0,4.0,0.0,0.0,1
868,397,256,900.0,102.0,7.0,1.0,4.0,0.0,0.0,1
869,398,13,999999.0,0.0,0.0,0.0,4.0,0.0,0.0,0
870,398,63,900.0,222.0,7.0,1.0,4.0,0.0,0.0,1
